short_name;Applications;sec_name;References;Index DataBase;long_name;;Bands;formula
AFRI1600;Fire, Forestry, Vegetation;;https://doi.org/10.1016/S0034-4257(01)00190-0;https://www.indexdatabase.de/db/i-single.php?id=393;Aerosol Free Vegetation Index (1600 nm);;"['N'; 'S1']";(N - 0.66 * S1) / (N + 0.66 * S1)
AFRI2100;Fire, Forestry, Vegetation;;https://doi.org/10.1016/S0034-4257(01)00190-0;https://www.indexdatabase.de/db/i-single.php?id=395;Aerosol Free Vegetation Index (2100 nm);;"['N'; 'S2']";(N - 0.5 * S2) / (N + 0.5 * S2)
ARI;Vegetation, Vegetation-stress;;https://doi.org/10.1562/0031-8655(2001)074%3C0038:OPANEO%3E2.0.CO;https://www.indexdatabase.de/db/i-single.php?id=214;Anthocyanin Reflectance Index;;"['G'; 'RE1']";(1 / G) - (1 / RE1)
ARVI;Agriculture, Vegetation, Vegetation-Vitality;;https://doi.org/10.1109/36.134076;https://www.indexdatabase.de/db/i-single.php?id=4;Atmospherically Resistant Vegetation Index;;"['gamma'; 'N'; 'R'; 'B']";(N - (R - gamma * (R - B))) / (N + (R - gamma * (R - B)))
ATSAVI;Soil, Vegetation;;https://doi.org/10.1016/0034-4257(91)90009-U;https://www.indexdatabase.de/db/i-single.php?id=209;Adjusted Transformed Soil-Adjusted Vegetation Index;;"['sla';'slb' 'N'; 'R']";sla * (N - sla * R - slb) / (sla * N + R - sla * slb + 0.08 * (1 + sla ** 2.0))
BCC;Vegetation;;https://doi.org/10.1016/0034-4257(87)90088-5;;Blue Chromatic Coordinate;;"['B'; 'R'; 'G']";B / (R + G + B)
BGI;Vegetation;;https://doi.org/10.1016/j.rse.2005.09.002;https://www.indexdatabase.de/db/i-single.php?id=210;Simple Ratio 450/550 Blue green pigment index;;"['B'; 'R']";B / R
BNDVI;Vegetation;;https://doi.org/10.1007/s11119-004-5319-8;https://www.indexdatabase.de/db/i-single.php?id=135;Blue Normalized Difference Vegetation Index;;"['N'; 'B']";(N - B)/(N + B)
BWDRVI;Vegetation;;https://doi.org/10.2135/cropsci2007.01.0031;https://www.indexdatabase.de/db/i-single.php?id=136;Blue Wide Dynamic Range Vegetation Index;;"['N'; 'B'; 'alpha']";(alpha * N - B) / (alpha * N + B)
CCCI;Agriculture, Agriculture - Precision Crop Management, Vegetation, Vegetation-Chlorophyll;;https://doi.org/10.1016/j.fcr.2013.12.018;https://www.indexdatabase.de/db/i-single.php?id=224;Canopy Chlorophyll Content Index;;"['N'; 'RE1'; 'R']";((N - RE1) / (N + RE1))/(( N - R)/(N + R))
CIgreen;Vegetation, Vegetation-Chlorophyll, Vegetation - LAI;;https://doi.org/10.1078/0176-1617-00887;https://www.indexdatabase.de/db/i-single.php?id=128;Chlorophyll Index Green;;"['N'; 'G']";(N / G) - 1.0
CIgreen740.560;Vegetation, Vegetation-Chlorophyll, Vegetation - LAI;;;;Chlorophyll Index Green;;"['RE2'; 'G']";(RE2 / G) - 1.0
CIgreen783.560;Vegetation, Vegetation-Chlorophyll, Vegetation - LAI;;;;Chlorophyll Index Green;;"['RE3'; 'G']";(RE3 / G) - 1.0
CIgreen865.560;Vegetation, Vegetation-Chlorophyll, Vegetation - LAI;;;;Chlorophyll Index Green;;"['RE4'; 'G']";(RE4 / G) - 1.0
CIre;Vegetation, Vegetation-Chlorophyll, Vegetation - LAI;;https://doi.org/10.1078/0176-1617-00887;https://www.indexdatabase.de/db/i-single.php?id=131;Chlorophyll Index Red Edge;;"['RE1'; 'N']";(N / RE1) - 1.0
CIre740.705;Vegetation, Vegetation-Chlorophyll, Vegetation - LAI;;;;Chlorophyll Index Red Edge;;"['RE1'; 'RE2']";(RE2 / RE1) - 1.0
CIre783.705;Vegetation, Vegetation-Chlorophyll, Vegetation - LAI;;;;Chlorophyll Index Red Edge;;"['RE1'; 'RE3']";(RE3 / RE1) - 1.0
CIre865.705;Vegetation, Vegetation-Chlorophyll, Vegetation - LAI;;;;Chlorophyll Index Red Edge;;"['RE1'; 'RE4']";(RE4 / RE1) - 1.0
CVI;Agriculture, Vegetation, Vegetation-Chlorophyll;;https://doi.org/10.1007/s11119-008-9075-z;https://www.indexdatabase.de/db/i-single.php?id=391;Chlorophyll Vegetation Index;;"['N'; 'R'; 'G']";(N / G) * (R / G)
CVI705;vegetation;;;;modifed Chlorophyll Vegetation Index;;"['RE1'; 'R'; 'G']";(RE1 / G) * (R / G)
CVI740;vegetation;;;;modifed Chlorophyll Vegetation Index;;"['RE2'; 'R'; 'G']";(RE2 / G) * (R / G)
CVI783;vegetation;;;;modifed Chlorophyll Vegetation Index;;"['RE3'; 'R'; 'G']";(RE3 / G) * (R / G)
CVI865;vegetation;;;;modifed Chlorophyll Vegetation Index;;"['RE3'; 'R'; 'G']";(RE4 / G) * (R / G)
DVI;vegetation;;https://doi.org/10.2307/1936256;;Difference Vegetation Index;;"['N'; 'R']";N - R
EVI;Vegetation, Vegetation - Biomass, Vegetation - LAI;;https://doi.org/10.1016/S0034-4257(96)00112-5;https://www.indexdatabase.de/db/i-single.php?id=16;Enhanced Vegetation Index;;"['g'; 'N'; 'R'; 'C1'; 'C2'; 'L']";g * (N - R) / (N + C1 * R - C2 * B + L)
EVI2;Vegetation, Vegetation - Biomass, Vegetation - LAI;;https://doi.org/10.1016/j.rse.2008.06.006;https://www.indexdatabase.de/db/i-single.php?id=576;Two-Band Enhanced Vegetation Index;;"['g'; 'N'; 'R'; 'L']";g * (N - R) / (N + 2.4 * R + L)
EVI740;Vegetation, Vegetation - Biomass, Vegetation - LAI;;;;modified Enhanced Vegetation Index;;"['g'; 'RE2'; 'R'; 'C1'; 'C2'; 'B'; 'L']";g*((RE2 - R)/(RE2 + C1 * R - C2 * B + L))
EVI783;Vegetation, Vegetation - Biomass, Vegetation - LAI;;;;modified Enhanced Vegetation Index;;"['g'; 'RE3'; 'R'; 'C1'; 'C2'; 'B'; 'L']";g*((RE3 - R)/(RE3 + C1 *R - C2 * B + L))
EVI865;Vegetation, Vegetation - Biomass, Vegetation - LAI;;;;modified Enhanced Vegetation Index;;"['g'; 'RE4'; 'R'; 'C1'; 'C2'; 'B'; 'L']";g * ((RE4 - R)/(RE4 + C1 *R - C2 *B + L)
ExG;Vegetation;;https://doi.org/10.13031/2013.27838;;Excess Green Index;;"['B'; 'R'; 'G']";2 * G - (R + B)
FCVI;Vegetation;;https://doi.org/10.1016/j.rse.2020.111676;;Fluorescence Correction Vegetation Index;;"['N'; 'B'; 'R'; 'G']";N - ((R + G + B) / 3.0)
GARI;Vegetation;;https://doi.org/10.1016/s0034-4257(96)00072-7;https://www.indexdatabase.de/db/i-single.php?id=363;Green Atmospherically Resistant Vegetation Index;;"['N'; 'B'; 'R'; 'G']";(N - (G - (B - R))) / (N - (G + (B - R)))
GBNDVI;Vegetation;;http://www.sciencedirect.com/science/article/pii/S1672630807600274;https://www.indexdatabase.de/db/i-single.php?id=186;Green-Blue Normalized Difference Vegetation Index;;"['N'; 'B'; 'G']";(N - (G + B))/(N + (G + B))
GCC;Vegetation;;https://doi.org/10.1016/0034-4257(87)90088-5;;Green Chromatic Coordinate;;"['R'; 'B'; 'G']";G / (R + G + B)
GDVI;Vegetation;;https://doi.org/10.3390/rs6021211;https://www.indexdatabase.de/db/i-single.php?id=27;Generalized Difference Vegetation Index;;"['N'; 'nexp'; 'R']";((N ** nexp) - (R ** nexp)) / ((N ** nexp) + (R ** nexp))
GEMI;Vegetation;;http://dx.doi.org/10.1007/bf00031911;https://www.indexdatabase.de/search/?s=GEMI;Global Environment Monitoring Index;;"['N'; 'R']";((2.0*((N ** 2.0)-(R ** 2.0)) + 1.5*N + 0.5*R)/(N + R + 0.5))*(1.0 - 0.25*((2.0 * ((N ** 2.0) - (R ** 2)) + 1.5 * N + 0.5 * R)/(N + R + 0.5)))-((R - 0.125)/(1 - R))
GI;Vegetation, Vegetation-Chlorophyll;;;;Simple Ratio 554/677 Greenness Index;;"['G'; 'R']";G / R
GLI;Agriculture, Agriculture - Crop parameters, Vegetation, Vegetation-Chlorophyll;;http://dx.doi.org/10.1080/10106040108542184;https://www.indexdatabase.de/db/i-single.php?id=375;Green Leaf Index;;"['G'; 'R'; 'B']";(2.0 * G - R - B) / (2.0 * G + R + B)
GNDVI;Vegetation, Vegetation-Chlorophyll;;https://doi.org/10.1016/S0034-4257(96)00072-7;https://www.indexdatabase.de/db/i-single.php?id=401;Green Normalized Difference Vegetation Index;;"['N'; 'G']";(N - G) / (N + G)
GNDVI740.560;Vegetation, Vegetation-Chlorophyll;;;;Green Normalized Difference Vegetation Index;;"['RE2'; 'G']";(RE2 - G) / (RE2 + G)
GNDVI865.560;Vegetation, Vegetation-Chlorophyll;;;;Green Normalized Difference Vegetation Index;;"['RE4'; 'G']";(RE4 - G) / (RE4 + G)
GOSAVI;Soil, Vegetation;;;https://www.indexdatabase.de/db/i-single.php?id=29;Green Optimized Soil-Adjusted Vegetation Index;;"['N'; 'G']";(N - G) / (N + G + 0.16)
greenWDRVI;Vegetation;;;;;;"['N'; 'G']";(0.1 * N - G) / (0.1 * N + G) + (1 - 0.1) / (1 + 0.1)
GRNDVI;Vegetation;;http://www.sciencedirect.com/science/article/pii/S1672630807600274;https://www.indexdatabase.de/db/i-single.php?id=185;Green-Red Normalized Difference Vegetation Index;;"['N'; 'G'; 'R']";(N - (G + R))/(N + (G + R))
GRVI;Vegetation;;https://doi.org/10.1016/S0034-4257(01)00289-9;https://www.indexdatabase.de/db/i-single.php?id=30;Simple Ratio NIR/G Green Ratio Vegetation Index;;"['N'; 'G']";N / G
GVI;Vegetation;;10.1109/TGRS.1984.350619;https://www.indexdatabase.de/db/i-single.php?id=92;Tasselled Cap - vegetation;;"['N'; 'G'; 'R'; 'RE1']";(-0.290 * G - 0.562 * R + 0.600 * RE1 + 0.491 * N)
GVMI;Vegetation;;https://doi.org/10.1016/S0034-4257(02)00037-8;https://www.indexdatabase.de/db/i-single.php?id=372;Global Vegetation Moisture Index;;"['N'; 'S2']";((N + 0.1) - (S2 + 0.02)) / ((N + 0.1) + (S2 + 0.02))
GVSB;Vegetation;;;;Greenness Vegetation and Soil Brightness;;"['G'; 'R'; 'RE1'; 'N']";(-0.290 * G - 0.562 * R + 0.600 * RE1 + 0.491 * N)/(0.433 * G - 0.632 * R + 0.586 * RE1 + 0.264 * N)
IPVI;Vegetation;;"	http://www.sciencedirect.com/science/article/pii/003442579090085Z";https://www.indexdatabase.de/db/i-single.php?id=35;Infrared percentage vegetation index;;"['R'; 'N']";((N / (N + R)) / 2)*((N - R) / (N + R) + 1)
IRECI;Vegetation;;https://doi.org/10.1016/j.isprsjprs.2013.04.007;;Inverted Red-Edge Chlorophyll Index;;"['R'; 'RE1'; 'RE2'; 'RE3']";(RE3 - R) / (RE1 / RE2)
MCARI;Vegetation, Vegetation-Chlorophyll;;http://dx.doi.org/10.1016/S0034-4257(00)00113-9;https://www.indexdatabase.de/db/i-single.php?id=41;Modified Chlorophyll Absorption in Reflectance Index;;"['R'; 'RE1; 'G']";((RE1 - R) - 0.2 * (RE1 - G)) * (RE1 / R)
MCARI1;Vegetation;;https://doi.org/10.1016/j.rse.2003.12.013;;Modified Chlorophyll Absorption in Reflectance Index 1;;"['R'; 'N; 'G']";1.2 * (2.5 * (N - R) - 1.3 * (N - G))
MCARI2;Vegetation;;https://doi.org/10.1016/j.rse.2003.12.013;;Modified Chlorophyll Absorption in Reflectance Index 2;;"['R'; 'N; 'G']";(1.5 * (2.5 * (N - R) - 1.3 * (N - G))) / ((((2.0 * N + 1) ** 2) - (6.0 * N - 5 * (R ** 0.5)) - 0.5) ** 0.5)
MCARI705;Vegetation;;https://doi.org/10.1016/j.agrformet.2008.03.005;;Modified Chlorophyll Absorption in Reflectance Index (705 and 750 nm);;"['RE1'; 'RE2; 'G']";((RE2 - RE1) - 0.2 * (RE2 - G)) * (RE2 / RE1)
MCARI740;Vegetation;;;;Modified Chlorophyll Absorption in Reflectance Index (705 and 750 nm);;"['RE1'; 'RE2; 'G']";((RE2 - RE1)-0.2*(RE2 - G))*(RE2 / RE1) 
MCARI783;Vegetation;;;;Modified Chlorophyll Absorption in Reflectance Index (705 and 750 nm);;"['RE1'; 'RE3'; 'G']";((RE3 - RE1)-0.2*(RE3 - G))*(RE3 / RE1) 
MCARI842;Vegetation;;;;Modified Chlorophyll Absorption in Reflectance Index (705 and 750 nm);;"['RE1'; 'N'; 'G']";((N - RE1) - 0.2 * (N - G))*(N / RE1) 
MCARI865;Vegetation;;;;Modified Chlorophyll Absorption in Reflectance Index (705 and 750 nm);;"['RE1'; 'RE4'; 'G']";((RE4 - RE1) - 0.2 * (RE4 - G)) * (RE4 / RE1) 
MCARIOSAVI;Vegetation;;https://doi.org/10.1016/S0034-4257(00)00113-9;;MCARI/OSAVI Ratio;;"['RE1';  'R'; 'G'; 'N']";(((RE1 - R) - 0.2 * (RE1 - G)) * (RE1 / R)) / (1.16 * (N - R) / (N + R + 0.16))
MCARIOSAVI705;Vegetation;;https://doi.org/10.1016/j.agrformet.2008.03.005;;MCARI/OSAVI Ratio (705 and 750 nm);;"['RE2'; 'RE1'; 'G']";(((RE2 - RE1) - 0.2 * (RE2 - G)) * (RE2 / RE1)) / (1.16 * (RE2 - RE1) / (RE2 + RE1 + 0.16))
MCARIOSAVI783;Vegetation;;;;MCARI/OSAVI Ratio (705 and 750 nm);;"['RE3'; 'RE1'; 'G']";(((RE3 - RE1) - 0.2 * (RE3 - G)) * (RE3 / RE1)) / ((1.16) * (RE3 - RE1) / (RE3 + RE1 + 0.16)) 
MCARIOSAVI842;Vegetation;;;;MCARI/OSAVI Ratio (705 and 750 nm);;"['RE1'; 'G'; 'N']";(((N - RE1) - 0.2 * (N - G))*(N / RE1))/((1.16) * (N - RE1)/(N + RE1 + 0.16)) 
MCARIOSAVI865;Vegetation;;;;MCARI/OSAVI Ratio (705 and 750 nm);;"['RE4'; 'RE1'; 'G']";(((RE4 - RE1)-0.2 * (RE4 - G)) * (RE4 / RE1)) / ((1.16) * (RE4 - RE1) / (RE4 + RE1 + 0.16)) 
MGRVI;Vegetation;;https://doi.org/10.1016/j.jag.2015.02.012;;Modified Green Red Vegetation Index;;"['G'; 'R']";(G ** 2.0 - R ** 2.0) / (G ** 2.0 + R ** 2.0)
MGVI;Vegetation;;;;Misra Green Vegetation Index;;"['G'; 'R']";(-0.386 * G - 0.53 * R + 0.535 * RE1 + 0.532 * N)
MNDVI;Vegetation;;https://doi.org/10.1080/014311697216810;;Modified Normalized Difference Vegetation Index;;"['N'; 'S2']";(N - S2) / (N + S2)
MNLI;Vegetation;;https://doi.org/10.1109/TGRS.2003.812910;;Modified Non-Linear Vegetation Index;;"['L'; 'N'; 'R']";(1 + L)*((N ** 2) - R)/((N ** 2) + R + L)
MNSI;Vegetation;;http://dx.doi.org/10.1080/02757259509532298;https://www.indexdatabase.de/db/i-single.php?id=573;Misra Non Such Index;;"['G'; 'RE1';'N'; 'R']";-0.404 * G - 0.039 * R - 0.505 * RE1 + 0.762 * N
MSAVI;Vegetation;;https://doi.org/10.1016/0034-4257(94)90134-1;https://www.indexdatabase.de/db/i-single.php?id=44;Modified Soil-Adjusted Vegetation Index;;"['N'; 'R']";0.5 * (2.0 * N + 1 - (((2 * N + 1) ** 2) - 8 * (N - R)) ** 0.5)
MSBI;Vegetation;;http://dx.doi.org/10.1080/02757259509532298;https://www.indexdatabase.de/db/i-single.php?id=570;Misra Soil Brightness Index;;"['G'; 'RE1';'N'; 'R']";0.406 * G + 0.600 * R + 0.645 * RE1 + 0.243 * N
MSR;Vegetation;;https://doi.org/10.1080/07038992.1996.10855178;;Modified Simple Ratio;;"['N'; 'R']";(N / R - 1) / ((N / R + 1) ** 0.5)
MSR705;Vegetation;;https://doi.org/10.1016/j.agrformet.2008.03.005;;Modified Simple Ratio (705 and 750 nm);;"['RE1'; 'RE2']";(RE2 / RE1 - 1) / ((RE2 / RE1 + 1) ** 0.5)
MTCI;Vegetation;;https://doi.org/10.1080/0143116042000274015;https://www.indexdatabase.de/db/i-single.php?id=169;MERIS Terrestrial Chlorophyll Index;;"['RE1'; 'RE2'; 'R']";(RE2 - RE1) / (RE1 - R)
MTCI842.705;Vegetation;;;;modified MERIS Terrestrial Chlorophyll Index ( 842 and 705 nm);;"['N'; 'RE1'; 'R']";(N - RE1) / (RE1 - R)
MTCI865.705;Vegetation;;;;modified MERIS Terrestrial Chlorophyll Index;;"['RE4'; 'RE1'; 'R']";(RE4 - RE1) / (RE1 - R)
MTVI1;Vegetation;;https://doi.org/10.1016/j.rse.2003.12.013;https://www.indexdatabase.de/db/i-single.php?id=46;Modified Triangular Vegetation Index 1;;"['N'; 'G'; 'R']";1.2 * (1.2 * (N - G) - 2.5 * (R - G))
MTVI2;Vegetation;;https://doi.org/10.1016/j.rse.2003.12.013;https://www.indexdatabase.de/db/i-single.php?id=47;Modified Triangular Vegetation Index 2;;"['N'; 'G'; 'R']";(1.5 * (1.2 * (N - G) - 2.5 * (R - G))) / ((((2.0 * N + 1) ** 2) - (6.0 * N - 5 * (R ** 0.5)) - 0.5) ** 0.5)
MYVI;Vegetation;;http://dx.doi.org/10.1080/02757259509532298;https://www.indexdatabase.de/db/i-single.php?id=572;Misra Yellow Vegetation Index;;"['G'; 'R'; 'RE1'; 'N']";-0.723 * G - 0.597 * R + 0.206 * RE1 - 0.278 * N
NDGI;Vegetation;;https://doi.org/10.1016/j.rse.2019.03.028;;Normalized Difference Greenness Index;;"['lambdaN'; 'lambdaR'; 'lambdaG'; 'N'; 'R]";(((lambdaN - lambdaR)/(lambdaN - lambdaG)) * G + (1.0 - ((lambdaN - lambdaR)/(lambdaN - lambdaG))) * N - R)/(((lambdaN - lambdaR)/(lambdaN - lambdaG)) * G + (1.0 - ((lambdaN - lambdaR)/(lambdaN - lambdaG))) * N + R)
NDMI;Vegetation;;https://doi.org/10.1016/S0034-4257(01)00318-2;https://www.indexdatabase.de/db/i-single.php?id=56;Normalized Difference Moisture Index;;"['N'; 'S1']";(N - S1)/(N + S1)
NDPI;Vegetation, Vegetation - Chlorophyll, Vegetation - Stress;;https://doi.org/10.1016/j.rse.2017.04.031;;Normalized Difference Phenology Index;;"[N; 'alpha';  'R';  'S1']";(N - (alpha * R + (1.0 - alpha) * S1))/(N + (alpha * R + (1.0 - alpha) * S1))
NDRE;Vegetation;;https://doi.org/10.1016/1011-1344(93)06963-4;https://www.indexdatabase.de/db/i-single.php?id=223;Normalized Difference Red Edge Index;;"['N'; 'RE1']";(N - RE1) / (N + RE1)
NDRE783.705;Vegetation;;;;Normalized Difference Red Edge Index (783 and 705 nm);;"['RE3'; 'RE1']";(RE3 - RE1) / (RE3 + RE1)
NDVI;Vegetation;;https://doi.org/10.1016/0034-4257(79)90013-0;https://www.indexdatabase.de/db/i-single.php?id=58;Normalized Difference Vegetation Index;;"['N'; 'R']";(N - R)/(N + R)
NDVI705;Vegetation;;https://doi.org/10.1016/S0176-1617(11)81633-0;;Normalized Difference Vegetation Index (705 and 750 nm);;"['RE2'; 'RE1']";(RE2 - RE1) / (RE2 + RE1)
NDVI740.665;Vegetation;;;;Normalized Difference Vegetation Index (705 and 750 nm);;"['RE2'; 'R']";(RE2 - R) / (RE2 + R)
NDVI865.665;Vegetation;;;;Normalized Difference Vegetation Index (705 and 750 nm);;"['RE4'; 'R']";(RE4 - R) / (RE4 + R)
NDYI;Vegetation;;https://doi.org/10.1016/j.rse.2016.06.016;;Normalized Difference Yellowness Index;;"['G';  'B']";(G - B) / (G + B)
NGBDI;Vegetation;;;;Normalized Green Blue Difference Index;;"['G'; 'R'; 'B']";(G - R) / (G + B)
NGRDI;Vegetation;;https://doi.org/10.1016/0034-4257(79)90013-0;https://www.indexdatabase.de/db/i-single.php?id=390;Normalized Green Red Difference Index;;"['G';  'R']";(G - R) / (G + R)
NIDI;Vegetation;;;;Normalized infrared difference index;;"['N';  'RE2']";(N - RE2) / (N + RE2)
NIDI783.740;Vegetation;;;;Normalized infrared difference index;;"['RE3'; 'RE2']";(RE3 - RE2) / (RE3 + RE2)
NIDI842.783;Vegetation;;;;Normalized infrared difference index;;"['N';  'RE3']";(N - RE3) / (N + RE3)
NIDI865.740;Vegetation;;;;Normalized infrared difference index;;"['RE4'; 'RE2']";(RE4 - RE2) / (RE4 + RE2)
NIDI865.783;Vegetation;;;;Normalized infrared difference index;;"['RE4'; 'RE3']";(RE4 - RE3) / (RE4 + RE3)
NIDI865.842;Vegetation;;;;Normalized infrared difference index;;"['RE4'; 'N']";(RE4 - N) / (RE4 + N)
NIRv;Vegetation;;https://doi.org/10.1126/sciadv.1602244;;Near-Infrared Reflectance of Vegetation;;"['N';  'R']";((N - R) / (N + R)) * N
NLI;Vegetation;;https://doi.org/10.1080/02757259409532252;https://www.indexdatabase.de/db/i-single.php?id=111;Non-Linear Vegetation Index;;"['N';  'R']";((N ** 2) - R)/((N ** 2) + R)
NPCI;Vegetation, Vegetation - Chlorophyll;;;;Normalized Pigment Chlorophyll Index;;"['RE1';  'B']";(RE1 - B) / (RE1 + B)
NRFIg;Vegetation;;;;Normalized Rapeseed Flowering Index Green;;"['G';  'S2']";(G - S2) / (G + S2)
NRFIr;Vegetation;;;;Normalized Rapeseed Flowering Index Red;;"['R';  'S2']";(R - S2) / (R + S2)
NSI;Vegetation;;;;Tasselled Cap - Non Such Index MSS;;"['G';  'R'; 'RE1; 'N')";(-0.016 * G + 0.131 * R - 0.425 * RE1+ 0.882 * N)
OCVI;Vegetation;;http://dx.doi.org/10.1007/s11119-008-9075-z;;Optimized Chlorophyll Vegetation Index;;"['N'; 'G'; 'R'; 'cexp']";(N / G) * (R / G) ** cexp
OSAVI;Vegetation;;https://doi.org/10.1016/0034-4257(95)00186-7;https://www.indexdatabase.de/db/i-single.php?id=63;Optimized Soil-Adjusted Vegetation Index;;"['N'; 'R']";(1.16) * (N - R) / (N + R + 0.16)  
OSAVI2;Vegetation;;;;Optimized Soil-Adjusted Vegetation Index;;"['RE2'; 'RE1']";(1.16) * (RE2 - RE1) / (RE2 + RE1 +0.16) 
OSAVI2.783;Vegetation;;;;Optimized Soil-Adjusted Vegetation Index;;"['RE3'; 'RE1']";(1.16) * (RE3 - RE1) / (RE3 + RE1 + 0.16) 
OSAVI2.865;Vegetation;;;;Optimized Soil-Adjusted Vegetation Index;;"['RE4' ; 'RE1']";(1.16) * (RE4 - RE1) / (RE4 + RE1 + 0.16) 
PNDVI;Vegetation;;http://www.sciencedirect.com/science/article/pii/S1672630807600274;;Pan NDVI;;"['N'; 'B'; 'G';  'R]";(N - (B + G + R)) / (N + (B + G + R))
PSRI;Vegetation;TDBI;http://dx.doi.org/10.1034/j.1399-3054.1999.106119.x;;Plant Senescence Reflectance Index;;"['R';  'B'; 'RE2']";(R - B) / RE2
PSRI2;Vegetation;;;;Plant Senescence Reflectance Index 2;;"['R'; 'B'; 'RE1']";(R - B) / RE1
RBNDVI;Vegetation;;;;Red-Blue NDVI;;"['N'; 'R'; 'B']";(N- (R + B)) / (N + (R + B))
RCC;Vegetation;;https://doi.org/10.1016/0034-4257(87)90088-5;;Red Chromatic Coordinate;;"['R'; 'G'; 'B']";R / (R + G + B)
RDVI;Vegetation;;https://doi.org/10.1016/0034-4257(94)00114-3;https://www.indexdatabase.de/db/i-single.php?id=240;Renormalized Difference Vegetation Index;;"['N'; 'R']";(N - R) / ((N + R) ** 0.5)
rededgeWDRVI;Vegetation;;;;rededge Wide Dynamic Range Vegetation Index;;"['N'; 'RE1']";(0.1 * N - RE1) / (0.1 * N + RE1) + (1 - 0.1) / (1 + 0.1)
REDSI;Vegetation;;https://doi.org/10.3390/s18030868;;Red-Edge Disease Stress Index;;"['RE3';  'R'; 'RE1']";((705.0 - 665.0) * (RE3 - R) - (783.0 - 665.0) * (RE1 - R)) / (2.0 * R)
REP;Vegetation;;https://www.isprs.org/proceedings/XXVII/congress/part7/750_XXVII-part7-sup.pdf;https://www.indexdatabase.de/db/i-single.php?id=196;Red-Edge Position Linear Interpolation;;"['R'; 'RE3'; 'RE1'; 'RE2']";700 + 40 * (((R + RE3) / 2 - RE1) / (RE2 - RE1))
REP740;Vegetation;;;;Red-Edge Position Linear Interpolation;;"['R'; 'RE2'; 'RE1']";700 + 40 * (((R + RE2) / 2 - RE1) / (RE2 - RE1))
REP842;Vegetation;;;;Red-Edge Position Linear Interpolation;;"['R'; 'N'; 'RE1'; 'RE2']";700 + 40 * (((R +N )/ 2 - RE1)/(RE2 - RE1))
REP865;Vegetation;;;;Red-Edge Position Linear Interpolation;;"['R'; 'RE4' ; 'RE1'; 'RE2']";700 + 40 * (((R + RE4) / 2 - RE1) / (RE2 - RE1))
REPle;Vegetation;;;;Red-Edge Position Linear Interpolation;;"['R' 'RE3'; 'RE1'; 'RE2']";700 + 40 * (((R + RE3 / 2) - RE1) / (RE2 -RE1))
REPli;Vegetation;;;;Red-Edge Position Linear Interpolation;;"['R';  'RE3'; 'RE2'; 'RE1']";700 + 40 * ((R + RE3 / 2) / (RE2 - RE1))
RI;Vegetation;;;;Normalized Difference Red/Green Redness Index;;"['R';  'G']";(R - G) / (R + G)
RVI;Vegetation;;;https://www.indexdatabase.de/db/i-single.php?id=72;Ratio Vegetation Index;;"['N'; 'R']";N / R
S2REP;Vegetation;;https://doi.org/10.1016/j.isprsjprs.2013.04.007;;Sentinel-2 Red-Edge Position;;"['RE3'; 'R'; 'RE1'; 'RE2']";705.0 + 35.0 * ((((RE3 + R) / 2.0) - RE1) / (RE2 - RE1))
SARVI;Soil, Vegetation;;https://doi.org/10.1109/36.134076;;Soil Adjusted and Atmospherically Resistant Vegetation Index;;"['L'; 'N'; 'R'; 'B']";(1 + L)*(N - (R - (R - B))) / (N + (R - (R - B)) + L)
SAVI;Agriculture- Crop parameters, Soil, Vegetation, Vegetation - Biomass;;https://doi.org/10.1016/0034-4257(88)90106-X;https://www.indexdatabase.de/db/i-single.php?id=87;Soil-Adjusted Vegetation Index;;"['L'; 'N';  'R']";(1.0 + L) * (N - R) / (N + R + L)
SAVI2;Vegetation;;https://doi.org/10.1080/01431169008955053;https://www.indexdatabase.de/db/i-single.php?id=310;Soil-Adjusted Vegetation Index 2;;"['N'; 'R'; 'slb'; 'sla']";N / (R + (slb / sla))
SBI;Vegetation;;;;Tasselled Cap - brightness;;"['G'; 'R'; 'RE1'; 'N']";0.433 * G - 0.632 * R + 0.586 * RE1 + 0.264 * N
SeLI;Vegetation;;https://doi.org/10.3390/s19040904;;Sentinel-2 LAI Green Index;;"['RE4';  'RE1']";(RE4 - RE1) / (RE4 + RE1)
SIPI 1;Vegetation, Vegetation - Chlorophyll;;https://eurekamag.com/research/009/395/009395053.php;;Structure Insensitive Pigment Index 1;;"['N'; 'A'; 'R']";(N - A) / (N - R)
SIPI 2;Vegetation, Vegetation - Chlorophyll;;;;Structure Insensitive Pigment Index 2;;"['N'; 'B';  'R']";(N - B) / (N - R)
SR;Vegetation;;https://doi.org/10.2134/agronj1968.00021962006000060016x;;Simple Ratio;;"['N'; 'R']";N / R
SR555.750;Vegetation;;;;Simple Ratio (555 and 750 nm);;"['RE2' ; 'G']";RE2 / G
SR705.750;Vegetation;Datt3;;;Simple Ratio 754/704 Datt3;;"['RE2'; 'RE1']";RE2 / RE1
SR740.665;Vegetation;;;;Simple Ratio (740 and 665 nm);;"['RE2'; 'R']";RE2 / R
SR783.665;Vegetation;;;;Simple Ratio (783 and 665 nm);;"['RE3'; 'R']";RE3 / R
SR865.665;Vegetation;;;;Simple Ratio (865 and 665 nm);;"['RE4'; 'R']";RE4 / R
TCARI;Vegetation - Chlorophyll;;https://doi.org/10.1016/S0034-4257(02)00018-4;;Transformed Chlorophyll Absorption in Reflectance Index;;"['RE1'; 'R'; 'G']";3 * ((RE1 - R) - 0.2 * (RE1 - G) * (RE1 / R))
TCARI740;Vegetation - Chlorophyll;;;;;;"['RE2';  'RE1'; 'G']";3*(((RE2 - RE1) - 0.2 * (RE2 - G)) * (RE2 / RE1)) 
TCARI783;Vegetation - Chlorophyll;;;;;;"['RE3'; 'RE1'; 'G']";3*(((RE3 - RE1) -0.2 *( RE3 - G)) * (RE3 / RE1)) 
TCARI842;Vegetation - Chlorophyll;;;;;;"['N'; 'RE1'; 'G']";3*(((N-RE1)-0.2*(N-G))*(N/RE1)) 
TCARI865;Vegetation - Chlorophyll;;;;;;"['RE4'; 'RE1'; 'G']";3*(((RE4 - RE1) - 0.2 * (RE4 - G))*(RE4 / RE1)) 
TCARIOSAVI;Vegetation;;https://doi.org/10.1016/S0034-4257(02)00018-4;https://www.indexdatabase.de/db/i-single.php?id=191;TCARI/OSAVI Ratio;;"['RE1'; 'R'; 'G'; 'N']";(3 * ((RE1 - R) - 0.2 * (RE1 - G) * (RE1 / R))) / (1.16 * (N - R) / (N + R + 0.16))
TCARIOSAVI705;Vegetation;;https://doi.org/10.1016/j.agrformet.2008.03.005;https://www.indexdatabase.de/db/i-single.php?id=191;TCARI/OSAVI Ratio (705 and 750 nm);;"['RE2';  'RE1'; 'G']";(3 * ((RE2 - RE1) - 0.2 * (RE2 - G) * (RE2 / RE1))) / (1.16 * (RE2 - RE1) / (RE2 + RE1 + 0.16))
TCARIOSAVI740;Vegetation;;;;;;"['RE2'; 'RE1'; 'G']";(3 * ((( RE2 - RE1) - 0.2 * (RE2 - G))*(RE2 / RE1))) / ((1.16) * (RE2 - RE1) / (RE2 + RE1 + 0.16)) 
TCARIOSAVI783;Vegetation;;;;;;"['RE3'; 'RE1';  'G']";(3*(((RE3-RE1)-0.2*(RE3-G))*(RE3/RE1)))/((1+0.16)*(RE3-RE1)/(RE3+RE1+0.16)) 
TCARIOSAVI842;Vegetation;;;;;;"['N'; 'RE1'; 'G']";(3 * (((N - RE1) - 0.2 * (N - G)) * (N / RE1))) / ((1.16) * (N - RE1) / (N + RE1 + 0.16)) 
TCARIOSAVI865;Vegetation;;;;;;"['RE4'; 'RE1'; 'G']";(3 * (((RE4 - RE1) - 0.2 * (RE4 -G ))*(RE4 / RE1))) / ((1.16) * (RE4 - RE1)/(RE4 + RE1 + 0.16)) 
TCI;Vegetation, Vegetation - Chlorophyll;;http://dx.doi.org/10.1109/TGRS.2007.904836;https://www.indexdatabase.de/db/i-single.php?id=392;Triangular Chlorophyll Index;;"['RE1'; 'G'; 'R']";1.2 * (RE1 - G) - 1.5 * (R - G) * (RE1 / R) ** 0.5
TGI;Vegetation;;http://dx.doi.org/10.1016/j.jag.2012.07.020;https://www.indexdatabase.de/db/i-single.php?id=388;Triangular Greenness Index;;"['R'; 'B'; 'G']";-(-0.5*((R-B)*(R-G)-(R-G)*(R-B)))
TNDVI;Vegetation;;;https://www.indexdatabase.de/db/i-single.php?id=202;Trasformed NDVI;;"['N'; 'R']";-sqrt(0.5 + (N-R)/(N+R))
TRBI;Vegetation;;;;Three Ratio Band Index;;"['G'; 'R'; 'N']";(G + R) / N
TRRVI;Vegetation;;https://doi.org/10.3390/rs12152359;;Transformed Red Range Vegetation Index;;"['RE2'; 'R'; 'N']";((RE2 - R) / (RE2 + R)) / (((N - R) / (N + R)) + 1.0)
TSAVI;Vegetation;;https://doi.org/10.1109/IGARSS.1989.576128;https://www.indexdatabase.de/db/i-single.php?id=97;Transformed Soil-Adjusted Vegetation Index;;"['sla '; 'N'; 'R'; 'slb']";sla * (N - sla * R - slb) / (sla * N + R - sla * slb)
TTVI;Vegetation;;https://doi.org/10.3390/rs12010016;;Transformed Triangular Vegetation Index;;"['RE3'; 'RE2'; 'RE4'] ";0.5 * ((865.0 - 740.0) * (RE3 - RE2) - (RE4 - RE2) * (783.0 - 740))
TVI;Vegetation;;http://dx.doi.org/10.1016/S0034-4257(00)00197-8;https://www.indexdatabase.de/db/i-single.php?id=98;Triangular Vegetation Index;;"['N'; 'G';  'R']";0.5 * (120 * (N - G) - 200 * (R - G))
VARI700;Vegetation;;https://doi.org/10.1016/S0034-4257(01)00289-9;https://www.indexdatabase.de/db/i-single.php?id=359;Visible Atmospherically Resistant Index (700 nm);;"['RE1';  'R'; 'B']";(RE1 - 1.7 * R + 0.7 * B) / (RE1 + 1.3 * R - 1.3 * B)
VARIgreen;Vegetation;;;https://www.indexdatabase.de/db/i-single.php?id=356;Visible Atmospherically Resistant Index;;"['G';  'R'; 'B']";(G - R) / (G + R - B)
VARIrededge;Vegetation;;https://doi.org/10.1016/S0034-4257(01)00289-9;https://www.indexdatabase.de/db/i-single.php?id=130;Visible Atmospherically Resistant Index Red-Edge;;"['RE1';  'R]";(RE1 - R) / (RE1 + R)
VIG;Vegetation;;https://doi.org/10.1016/S0034-4257(01)00289-9;;Vegetation Index Green;;"['G';  'R]";(G - R) / (G + R)
WDRVI;Vegetation;;https://doi.org/10.1078/0176-1617-01176;https://www.indexdatabase.de/db/i-single.php?id=125;Wide Dynamic Range Vegetation Index;;"['alpha'; 'N';  'R]";(alpha * N - R) / (alpha * N + R)
WDRVI2;Vegetation;;;;;;"['N'; 'R]";(0.1 * N - R) / (0.1 * N + R) + (1 - 0.1) / (1 + 0.1)
WDRVI3;Vegetation;;;;;;"['N'; 'R]";(0.2*N-R)/(0.2*N+R)+(1-0.2)/(1+0.2)
WDRVI740;Vegetation;;;;;;"['alpha'; 'RE2'; 'R]";alpha * RE2 - R) / (alpha * RE2 + R) 
WDRVI783;Vegetation;;;;;;"['alpha'; 'RE3'; 'R]";(alpha * RE3 - R) / (alpha * RE3 + R) 
WDRVI842;Vegetation;;;;;;"['N'; 'R']";(0.1 * N - R) / (0.1 * N + R) 
WDVI;Vegetation;;https://doi.org/10.1016/0034-4257(89)90076-X;https://www.indexdatabase.de/db/i-single.php?id=104;Weighted Difference Vegetation Index;;"['N'; 'sla'; 'R']";N - sla * R
YVI;Vegetation;;;;Tasselled Cap - Yellow Vegetation Index MSS;;"['G'; 'R'; 'RE1'; 'N']";(-0.829 * G - 0.522 * R + 0.039 * RE1 + 0.149 * N)
Datt5;Vegetation, Vegetation - Chlorophyll;;http://www.sciencedirect.com/science/article/pii/S0034425798000467;https://www.indexdatabase.de/db/i-single.php?id=154; Simple Ratio 672/550 Datt5;;"['R'; 'G']";R / G
Datt2;Vegetation, Vegetation - Chlorophyll;;http://www.sciencedirect.com/science/article/pii/S092427161100089X;https://www.indexdatabase.de/db/i-single.php?id=151;Simple Ratio 850/710 Datt2;;"['N'; 'RE1']";N / RE1
Datt6;Vegetation, Vegetation - Chlorophyll;;http://www.sciencedirect.com/science/article/pii/S0034425798000467;https://www.indexdatabase.de/db/i-single.php?id=155;Datt6;;"['N'; 'G'; 'RE1']";N / (G * RE1)
Datt4;Vegetation, Vegetation - Chlorophyll;;"	http://www.sciencedirect.com/science/article/pii/S0034425798000467";https://www.indexdatabase.de/db/i-single.php?id=153;Datt4;;"['R'; 'G'; 'RE1']";R /( G * RE1)
AWEInsh;water;;;;Automated Water Extraction Index;;"['G'; 'S1'; 'N'; 'S2']";4.0 * (G - S1) - 0.25 * N + 2.75 * S2
AWEIsh;water;;;;Automated Water Extraction Index with Shadows Elimination;;"[B; G; N; S1; S2]";B + 2.5 * G - 1.5 * (N + S1) - 0.25 * S2
MBWI;water;;;;Multi-Band Water Index;;"[omega; 'G';  'R'; 'N'; 'S1'; 'S2']";(omega * G) - R - N - S1 - S2
MNDWI;water;;;;Modified Normalized Difference Water Index;;"['G';  'S1']";(G - S1) / (G + S1)
NDVIMNDWI;water;;;;NDVI-MNDWI Model;;"['N'; 'R'; 'G'; 'S1']";((N - R)/(N + R)) - ((G - S1)/(G + S1))
NDWI;Vegetation, Vegetation - Water;;"	http://www.sciencedirect.com/science/article/pii/S0034425796000673";https://www.indexdatabase.de/db/i-single.php?id=60;Normalized Difference Water Index;;"['N'; 'S1']";(N - S1) / (N + S1)
NWI;water;;;;New Water Index;;"['B'; 'N'; 'S1'; 'S2']";(B - (N + S1 + S2))/(B + (N + S1 + S2))
WI1;water;;;;Water Index 1;;"['G'; 'S2']";(G - S2) / (G + S2)
WI2;water;;;;Water Index 2;;"['B'; 'S2']";(B - S2) / (B + S2)
WRI;water;;;;Water Ratio Index;;"['G'; 'R'; 'N'; 'S1']";(G + R)/(N + S1)
Datt1;Vegetation, Vegetation - Chlorophyll;;http://dx.doi.org/10.1071/BT98042;https://www.indexdatabase.de/db/i-single.php?id=150;Datt1;;"['N'; 'R'; 'RE1']";(N - RE1) / (N + R)
